{
  "blur_r1.0": {
    "roc_auc": 0.9894026540801442,
    "eer": 0.019803612300321405,
    "skipped": 19,
    "n_pairs": 3181
  },
  "blur_r2.0": {
    "roc_auc": 0.9912486963117474,
    "eer": 0.024828545241932957,
    "skipped": 18,
    "n_pairs": 3182
  },
  "blur_r3.0": {
    "roc_auc": 0.9912463294276692,
    "eer": 0.02231301068510373,
    "skipped": 18,
    "n_pairs": 3182
  },
  "occlusion_1": {
    "roc_auc": 0.8497051011639716,
    "eer": 0.2262831028825873,
    "skipped": 1176,
    "n_pairs": 2024
  },
  "brightness_0.5": {
    "roc_auc": 0.9894949950722537,
    "eer": 0.02264863388626999,
    "skipped": 21,
    "n_pairs": 3179
  },
  "brightness_0.8": {
    "roc_auc": 0.9882131802711006,
    "eer": 0.02231913791808482,
    "skipped": 19,
    "n_pairs": 3181
  },
  "brightness_1.2": {
    "roc_auc": 0.9889294735718606,
    "eer": 0.021061276282864694,
    "skipped": 19,
    "n_pairs": 3181
  },
  "brightness_1.5": {
    "roc_auc": 0.987155292490106,
    "eer": 0.021361719028833652,
    "skipped": 17,
    "n_pairs": 3183
  }
}