{
  "blur_r1.0": {
    "roc_auc": 0.9931718749999999,
    "eer": 0.036250000000000004,
    "skipped": 0,
    "n_pairs": 3200
  },
  "blur_r2.0": {
    "roc_auc": 0.9907644531250002,
    "eer": 0.041874999999999996,
    "skipped": 0,
    "n_pairs": 3200
  },
  "blur_r3.0": {
    "roc_auc": 0.9837281250000001,
    "eer": 0.05562500000000002,
    "skipped": 0,
    "n_pairs": 3200
  },
  "occlusion_1": {
    "roc_auc": 0.62128046875,
    "eer": 0.40625,
    "skipped": 0,
    "n_pairs": 3200
  },
  "brightness_0.5": {
    "roc_auc": 0.9920769531249999,
    "eer": 0.03812499999999999,
    "skipped": 0,
    "n_pairs": 3200
  },
  "brightness_0.8": {
    "roc_auc": 0.99299921875,
    "eer": 0.032499999999999994,
    "skipped": 0,
    "n_pairs": 3200
  },
  "brightness_1.2": {
    "roc_auc": 0.9931019531249999,
    "eer": 0.034687500000000024,
    "skipped": 0,
    "n_pairs": 3200
  },
  "brightness_1.5": {
    "roc_auc": 0.99151328125,
    "eer": 0.03874999999999998,
    "skipped": 0,
    "n_pairs": 3200
  }
}